run_dir,step,psnr,ssim,lpips,num_gs,notes
outputs/t0_selfcap/baseline,199,12.953633308410645,0.369679719209671,0.5881302952766418,92749,
outputs/t0_selfcap/zero_velocity,199,13.125354766845703,0.372130811214447,0.5531215667724609,92749,
